State,County,TotalPop,Men,Women,VotingAgeCitizen,Income,Poverty,Pub_Transp,WorkAtHome,MeanCommute,Unemployment,Prv_Transp,Office_Jobs,NonOffice_Jobs,Mode_Severity,Mode_Weather_Condition,Day_Accidents,Total_Acc
Oregon,Clatsop,38021,18909,19112,29388,49828,4638,304,1977,19.1,2471,35739,28048,7536,3,Scattered Clouds,1.0,3
Louisiana,West Baton Rouge,25518,12631,12887,19100,60902,4567,102,204,23.8,1454,25237,17157,6906,1,Clear,12.0,21
North Carolina,Burke,88898,43908,44990,69273,40854,17157,177,2578,21.5,8267,86231,55554,25076,1,Clear,7.0,8
Georgia,Ben Hill,17272,8259,9013,12517,32344,5250,0,103,17.5,898,17151,10004,6369,3,Scattered Clouds,1.0,3
North Carolina,Randolph,142827,70344,72483,103145,43598,23852,428,3570,23.8,8712,138685,86638,47342,2,Clear,1.0,2
North Carolina,Nash,94125,45178,48947,70526,46187,14965,376,2823,21.9,7435,90924,62676,24013,1,Clear,6.0,7
North Carolina,Northampton,20426,9944,10482,16406,33508,5188,0,551,25.6,2083,19874,12876,5502,1,Clear,3.0,3
Iowa,Jefferson,17945,9511,8434,12816,44516,2727,0,1776,14.8,1202,16150,12624,4118,1,Overcast,4.0,4
Washington,Wahkiakum,4105,1985,2120,3349,49508,570,135,324,24.6,258,3645,2531,1311,2,Light Rain,2.0,2
Michigan,Calhoun,134327,65652,68675,100589,46213,23372,940,4298,20.2,9940,128953,87070,37316,1,Overcast,18.0,25
Texas,Palo Pinto,28109,13904,14205,20418,45067,5143,140,1264,23.5,2220,26703,17164,8698,3,Haze,1.0,1
North Carolina,Wilson,81379,38532,42847,58699,42095,16764,81,1383,20.7,6591,79914,53099,21763,1,Clear,1.0,2
Iowa,Hardin,17239,8634,8605,13212,52207,1379,17,655,17.9,430,16566,11581,5210,3,Light Snow,1.0,1
California,Santa Cruz,273263,135654,137609,189870,73663,40169,7651,20494,26.8,18308,245116,206003,48696,1,Overcast,97.0,124
Kentucky,Carter,27385,13462,13923,21136,35095,5887,54,712,30.3,2738,26618,17499,7147,3,Scattered Clouds,1.0,1
New York,Orange,378174,189437,188737,264798,75146,46137,20421,19286,33.4,21177,338465,286668,69971,1,Clear,41.0,69
Ohio,Mercer,40723,20484,20239,30047,57052,3013,122,936,17.5,1588,39664,23481,15654,3,Clear,2.0,4
Georgia,Morgan,18013,8558,9455,13731,59572,2413,18,1278,25.9,1026,16716,11687,5316,3,Clear,19.0,22
Kansas,Shawnee,178392,86487,91905,130844,54667,23547,1605,5173,18.0,9633,171613,132644,36283,2,Clear,14.0,14
Alabama,Lauderdale,92590,44263,48327,72887,44888,15092,185,1666,24.1,6110,90830,64168,22311,3,Scattered Clouds,2.0,2
New York,Saratoga,226632,111991,114641,174237,77548,14957,1813,13371,25.3,10425,211447,180749,35457,1,Clear,57.0,84
Mississippi,Pike,39763,18890,20873,28914,30949,12843,159,556,24.4,3061,39087,24223,12441,3,Partly Cloudy,1.0,1
Tennessee,Fayette,39336,19329,20007,30999,57919,5664,0,1691,33.1,3107,37605,26012,10216,1,Light Rain,1.0,1
Pennsylvania,Wayne,51656,27404,24252,42291,52161,5733,568,3202,29.6,3357,47885,34726,13572,1,Mostly Cloudy,1.0,5
Wyoming,Carbon,15689,8456,7233,11330,57644,2086,62,643,16.3,533,14982,10109,5046,3,Clear,8.0,12
Tennessee,Campbell,39824,19411,20413,31601,35377,8203,39,915,27.1,3185,38908,23668,12970,1,Clear,12.0,15
Virginia,Franklin,56277,27631,28646,44696,51208,8328,281,3601,30.2,3038,52393,38438,14747,1,Mostly Cloudy,7.0,8
Idaho,Oneida,4284,2136,2148,2965,43491,539,0,171,24.6,231,4116,2508,1544,2,Fair,1.0,1
Pennsylvania,Bradford,61546,30348,31198,47743,50900,7508,123,2708,22.5,3446,58714,37416,20625,3,Overcast,3.0,4
California,Inyo,18195,9172,9023,13620,51500,1855,236,818,16.9,946,17157,13264,4001,2,Clear,2.0,5
Tennessee,Madison,97887,46449,51438,74356,44496,19871,880,2838,18.6,6068,94167,70884,20934,3,Clear,7.0,9
Tennessee,Jackson,11573,5827,5746,9372,33933,2580,0,243,32.0,1076,11329,6539,3946,3,Overcast,2.0,2
Indiana,Montgomery,38288,19432,18856,28672,53075,3905,153,995,21.9,1684,37139,22914,13726,3,Clear,5.0,13
Minnesota,Benton,39360,19652,19708,28857,53574,5549,511,1613,23.1,1653,37273,26847,10859,3,Haze,1.0,1
Rhode Island,Newport,83204,40952,42252,65688,75463,7488,1580,5241,22.5,4493,76381,66904,11806,2,Clear,3.0,3
Virginia,Henry,51956,25038,26918,40672,36779,9975,311,1194,23.6,4520,50449,33015,14420,3,Clear,11.0,19
Alabama,Coosa,10955,5474,5481,8989,34792,1577,65,460,29.8,1237,10429,6268,3440,2,Clear,1.0,1
Ohio,Fairfield,151526,75440,76086,112986,63424,15001,606,5909,28.3,7727,145161,113026,30772,3,Clear,28.0,42
Oregon,Lincoln,47307,22779,24528,37758,43291,8704,614,3216,18.9,3074,43475,35076,9156,1,Clear,4.0,4
North Carolina,Polk,20434,9782,10652,16565,48412,2227,163,980,25.7,1287,19289,15011,4154,1,Clear,4.0,4
Vermont,Chittenden,160985,78928,82057,125467,66906,18191,4185,8693,21.1,6600,147945,130918,23312,1,Light Snow,7.0,9
Minnesota,Anoka,344861,172482,172379,251328,76796,22760,11725,15518,28.1,14484,317272,253399,76647,1,Overcast,64.0,90
Indiana,Jackson,43779,21861,21918,31621,49080,6829,175,831,20.5,2714,42772,27226,13838,3,Overcast,9.0,12
Texas,Chambers,39283,19679,19604,25703,74368,5067,78,824,27.8,2553,38379,23984,12745,3,Overcast,4.0,4
Illinois,Will,687727,341719,346008,472786,80782,50891,26133,28884,32.9,41263,632708,501009,146100,1,Clear,73.0,93
Missouri,Washington,24968,12855,12113,19149,37810,5043,124,823,33.3,2471,24019,13858,8661,2,Overcast,1.0,1
Tennessee,Hickman,24502,12830,11672,18999,39333,4826,73,1078,36.3,1519,23350,14433,8572,1,Overcast,4.0,4
Virginia,Albemarle,105105,50283,54822,78224,72265,10300,1891,7987,21.9,3363,95330,89736,12005,1,Clear,32.0,40
Louisiana,Pointe Coupee,22271,10692,11579,16980,43964,3897,200,601,29.1,1848,21491,14357,6045,3,Scattered Clouds,1.0,2
Tennessee,Rutherford,298456,147195,151261,212507,62149,35217,895,11639,28.5,15221,286219,216391,66843,1,Clear,49.0,69
Texas,Bastrop,80306,40845,39461,53287,59185,10680,160,3131,34.4,6183,77013,52775,21347,3,Clear,5.0,6
California,Mendocino,87497,43668,43829,61818,46528,16711,262,7087,19.8,9099,80147,60444,17953,1,Clear,7.0,10
Connecticut,New Haven,862127,415863,446264,636398,64872,104317,35347,36209,24.9,66383,790570,656488,138459,1,Clear,240.0,313
Colorado,Montrose,40908,20182,20726,30265,44865,7281,122,1922,17.8,3272,38821,27399,10236,1,Clear,1.0,1
Louisiana,Ascension,119129,58718,60411,84202,74748,13938,119,4288,30.0,7505,114840,84610,26901,1,Fair,14.0,19
Virginia,Shenandoah,42854,20850,22004,32507,53934,4413,128,1885,31.0,2228,40797,28397,12228,1,Clear,20.0,22
Texas,La Salle,7418,4347,3071,5387,44601,608,0,237,19.5,400,7173,4470,2554,3,Mostly Cloudy,5.0,7
Colorado,El Paso,674826,340118,334708,486507,62535,74905,5398,42514,23.0,45888,625563,522647,105661,1,Clear,125.0,146
Virginia,Greensville,11606,7238,4368,9459,42121,1973,81,104,22.9,661,11431,7595,3338,1,Clear,1.0,3
Minnesota,Hennepin,1224763,604629,620134,877093,71154,140847,90632,68586,23.4,56339,1064319,1009518,158905,1,Clear,705.0,950
Mississippi,Hancock,46277,22527,23750,35715,47518,7959,92,1203,29.0,4026,44981,32026,10266,1,Clear,3.0,4
Colorado,Eagle,53726,28560,25166,34723,83803,4136,2901,4781,22.3,1450,45935,41873,10455,3,Light Snow,28.0,47
New Jersey,Cape May,94549,46158,48391,75563,62332,10022,1985,4254,22.9,7942,88214,71104,15416,1,Clear,14.0,24
Colorado,Rio Blanco,6557,3325,3232,4863,57991,773,72,458,17.3,413,6025,3846,2304,1,Clear,7.0,7
Montana,Missoula,114231,57590,56641,90740,49412,18162,2398,6739,18.1,6853,105092,88908,18469,1,Light Snow,3.0,4
Florida,Pinellas,949842,456017,493825,746969,48968,130128,17097,63639,24.4,60789,869105,747693,140470,1,Clear,341.0,396
Pennsylvania,Bedford,48891,24404,24487,38863,48703,6649,195,2248,27.2,2884,46397,29996,16010,3,Clear,13.0,15
California,San Francisco,864263,440633,423630,641255,96265,101118,293849,57905,32.8,46670,512507,744009,73583,1,Partly Cloudy,286.0,361
Alabama,Tuscaloosa,204424,98725,105699,156404,50513,35365,1022,6337,22.3,13696,197473,141520,49398,1,Mostly Cloudy,13.0,14
Iowa,Hamilton,15201,7433,7768,11467,55836,1428,0,805,18.4,349,14410,10218,4618,1,Light Freezing Rain,7.0,7
Indiana,Hamilton,309687,151395,158292,212065,90582,15484,619,24465,25.5,10219,284602,266825,32941,1,Clear,48.0,61
Washington,Island,80323,40020,40303,63369,61516,7630,2088,5702,27.8,5381,72611,56806,18135,1,Mostly Cloudy,13.0,13
Mississippi,Montgomery,10309,4769,5540,7849,34983,2639,0,247,27.1,938,10051,6362,2998,3,Overcast,1.0,1
Florida,Duval,912043,442115,469928,666437,51296,145926,17328,43778,24.5,67491,851848,692532,152863,1,Mostly Cloudy,421.0,565
Pennsylvania,Schuylkill,144287,73691,70596,114513,47642,18035,1010,3751,25.7,9955,139525,89599,44732,1,Clear,10.0,10
Kentucky,Boone,127682,63122,64560,90254,72731,9703,1021,5618,24.0,6256,120914,97626,23678,1,Mostly Cloudy,29.0,32
Wisconsin,Clark,34513,17507,17006,23756,49131,4555,0,3968,21.1,1138,30578,19924,13450,3,Clear,4.0,7
Minnesota,Kandiyohi,42577,21398,21179,30521,56604,4811,340,1788,17.9,1277,40448,29446,11853,1,Clear,5.0,11
Virginia,Cumberland,9797,4830,4967,7791,43020,2135,19,480,40.7,685,9297,6269,2842,1,Mostly Cloudy,1.0,1
Kentucky,Whitley,36027,17686,18341,27075,34103,9078,216,720,20.6,3314,35090,24371,8341,1,Mostly Cloudy,1.0,1
Colorado,Mineral,834,433,401,752,50385,100,9,99,14.0,13,726,646,174,3,Clear,5.0,6
Oklahoma,Osage,47350,23748,23602,36217,47683,7433,236,1278,24.4,2888,45834,31701,12805,1,Mostly Cloudy,2.0,2
Georgia,Jackson,63851,31539,32312,45830,57999,7981,127,2745,30.8,4150,60977,43701,15999,1,Clear,15.0,25
Georgia,Bacon,11279,5599,5680,7903,38824,2616,135,236,20.4,349,10918,7115,3803,1,Overcast,3.0,3
Maine,Somerset,50994,25180,25814,40507,41549,9076,50,2141,24.4,4487,48852,31950,14603,1,Clear,3.0,5
Idaho,Payette,22839,11451,11388,15793,48447,3540,22,685,19.1,1393,22108,14132,7313,3,Clear,6.0,6
Illinois,Effingham,34164,17021,17143,25756,54655,3860,170,1161,17.3,1503,32865,22862,9798,3,Clear,3.0,3
Indiana,Marion,939964,452538,487426,653701,44869,186112,17859,30078,23.3,75197,892025,671059,193707,1,Clear,358.0,468
North Carolina,Davie,41766,20394,21372,31612,53493,5847,167,1461,26.3,2714,40178,28625,10426,1,Clear,13.0,17
New York,Yates,25083,12069,13014,19160,51758,3285,75,2508,22.5,1504,22499,16741,6837,1,Light Rain,0.0,1
Minnesota,Becker,33552,16672,16880,24981,55884,4261,167,2415,22.4,1207,30968,22415,9897,1,Clear,1.0,2
West Virginia,Pendleton,7138,3583,3555,5834,39554,1334,21,606,32.1,356,6516,4014,2760,3,Clear,3.0,4
Texas,Lubbock,298042,147080,150962,216218,49078,56031,2682,7451,17.3,14306,287908,227556,55895,2,Scattered Clouds,1.0,1
Texas,Hill,35098,17374,17724,25134,45970,6142,0,1614,28.5,2842,33448,21837,10418,1,Clear,4.0,5
Arkansas,Scott,10584,5290,5294,7841,37396,2169,21,508,19.7,1121,10054,5516,3946,3,Clear,2.0,4
Texas,Yoakum,8481,4286,4195,4432,62500,1043,0,110,16.2,636,8370,4542,3310,3,Clear,1.0,1
Iowa,Delaware,17326,8659,8667,13057,60534,1593,34,1386,22.6,433,15905,10980,5912,3,Clear,1.0,5
Oregon,Wasco,25687,12804,12883,18539,48510,3519,154,2029,17.6,1669,23503,17581,6436,3,Clear,6.0,6
Georgia,Chattooga,24880,12730,12150,18729,35718,5598,124,422,25.2,2363,24357,12879,9637,3,Clear,2.0,7
Missouri,Montgomery,11618,5798,5820,8907,43094,1870,58,360,25.8,673,11188,7048,3896,1,Clear,3.0,5
California,Yolo,212605,103617,108988,142947,61621,41245,8291,10630,23.2,15307,193683,161192,36105,1,Clear,77.0,98
Iowa,Lee,34785,17553,17232,27128,48266,5669,173,1078,17.5,2643,33532,20892,11249,2,Overcast,4.0,4
Washington,Pierce,845193,420170,425023,610627,63881,103113,29581,38033,31.2,58318,777577,598811,187276,1,Clear,284.0,382
Michigan,Osceola,23221,11725,11496,17762,41099,4806,162,1091,25.2,1671,21967,13080,8469,3,Light Drizzle,1.0,2
Wisconsin,Marquette,15164,7699,7465,12067,49052,1789,106,621,30.0,834,14436,8784,5545,1,Overcast,1.0,3
Montana,Flathead,96147,47965,48182,74055,51410,13075,769,5576,19.1,3845,89897,72364,19937,1,Clear,4.0,7
Tennessee,Washington,126437,61427,65010,98962,44180,20862,758,4804,20.8,6701,121000,96746,23109,1,Scattered Clouds,4.0,4
Pennsylvania,Mercer,113623,55992,57631,90091,47340,15566,340,5567,20.8,6590,107600,79846,27293,1,Clear,8.0,20
Texas,Ward,11498,5790,5708,7730,63333,1333,0,471,21.7,701,11026,6726,4081,3,Clear,3.0,3
New York,Broome,196124,96409,99715,152197,49064,33537,6079,6079,19.7,14120,183964,148697,33306,1,Clear,27.0,29
Wyoming,Natrona,81023,41061,39962,60197,59400,8021,324,2916,17.2,4132,77782,55515,21375,1,Clear,6.0,6
Tennessee,Marshall,31753,15700,16053,23747,46837,4286,31,698,30.1,2063,30990,18734,10955,1,Scattered Clouds,1.0,1
Louisiana,Calcasieu,198753,96906,101847,146328,48219,33390,596,4173,20.5,13117,193982,137741,47894,1,Overcast,19.0,25
Tennessee,Dickson,51341,25100,26241,38651,47398,7444,308,1694,31.7,2413,49287,34053,14923,1,Overcast,5.0,5
Missouri,Saline,23010,11372,11638,16886,41567,3980,184,736,16.5,1058,22089,15037,6914,1,Clear,12.0,12
Georgia,Paulding,152399,74560,77839,107261,63669,14782,761,8839,37.7,7924,142950,111679,32940,3,Clear,4.0,4
Connecticut,Hartford,897417,435729,461688,649810,69936,100510,29614,35896,23.0,66408,831905,694723,137116,1,Clear,329.0,434
Pennsylvania,Sullivan,6192,3234,2958,5382,45519,811,6,458,31.5,544,5727,3456,2197,3,Light Snow,2.0,2
Oregon,Marion,330453,164623,165830,220420,53828,52542,6278,15200,23.2,22470,308973,226675,81307,1,Clear,34.0,43
Tennessee,Unicoi,17830,8880,8950,14120,36576,3583,142,802,20.4,1925,16902,10497,5407,3,Overcast,0.0,1
Vermont,Washington,58691,28997,29694,46565,60602,6925,645,4225,22.9,2288,53760,46532,9870,1,Clear,10.0,11
Michigan,Montcalm,62956,32441,30515,48157,44651,11017,251,2455,30.0,4406,60248,37413,21136,3,Clear,5.0,9
Georgia,Troup,69433,33345,36088,50332,43597,14789,138,1180,23.2,6179,68113,41684,21569,3,Clear,15.0,20
Colorado,Morgan,28123,13997,14126,18095,51456,2615,56,1068,17.6,1265,26998,16813,10071,1,Clear,2.0,3
Idaho,Benewah,9050,4568,4482,6951,43472,1429,63,380,20.8,868,8606,5081,3100,3,Light Rain,5.0,5
Ohio,Butler,375702,184149,191553,275267,62188,48465,2254,15779,24.4,20287,357668,282199,73570,1,Clear,19.0,21
Wisconsin,Polk,43328,21809,21519,33749,53551,4289,43,2253,29.1,2079,41074,27059,14189,3,Clear,2.0,2
Mississippi,George,23545,11894,11651,17092,47640,3461,306,682,35.4,1930,22556,14028,7586,1,Scattered Clouds,1.0,1
New York,Putnam,99464,49485,49979,73842,99608,4774,8454,5271,39.2,5271,85837,78462,15636,1,Clear,36.0,45
Texas,Navarro,48239,23726,24513,31446,45103,9068,192,2074,25.3,4534,46020,29894,13767,2,Clear,2.0,3
Alabama,Baldwin,203360,99527,103833,155376,52562,23996,203,11388,27.0,11184,191565,152779,39396,1,Partly Cloudy,5.0,5
Wisconsin,Price,13566,6898,6668,11059,45680,1614,13,678,19.2,393,12874,8075,5084,1,Scattered Clouds,8.0,8
Tennessee,White,26394,12929,13465,20402,37654,4645,0,554,24.0,2454,25866,15800,8139,3,Clear,3.0,3
Oklahoma,Grady,54351,27146,27205,40537,55527,6739,54,1793,25.9,2065,52503,36966,15372,3,Clear,3.0,4
Iowa,Osceola,6149,3099,3050,4509,53604,700,12,319,19.1,104,5816,3929,2115,1,Clear,1.0,1
Pennsylvania,Luzerne,318222,156922,161300,246670,49290,48369,3500,10501,22.1,22275,304220,221072,74578,3,Light Snow,22.0,28
Oklahoma,Noble,11421,5599,5822,8668,52372,1324,91,479,20.5,559,10849,7625,3236,1,Clear,1.0,1
Colorado,Otero,18325,8957,9368,13236,35051,4196,18,952,16.2,1704,17390,12598,4038,3,Clear,1.0,1
Virginia,Montgomery,97692,50448,47244,77245,53424,23250,4786,4005,18.7,4200,88802,81057,12434,1,Clear,18.0,24
South Carolina,Dillon,31073,14568,16505,22716,30866,9508,0,1149,23.7,2827,29954,18501,9716,1,Clear,6.0,10
Illinois,White,14186,6957,7229,10948,46279,1971,85,425,24.8,1163,13689,8517,4492,3,Overcast,3.0,3
Arkansas,Jefferson,71373,35154,36219,54374,37630,17629,142,1498,20.9,7137,69660,45414,18821,3,Partly Cloudy,0.0,2
New York,Warren,64701,31717,32984,51635,60222,6405,582,2199,22.8,3105,61918,49646,11888,1,Clear,13.0,15
Tennessee,Scott,21949,10831,11118,16608,31875,5750,21,614,28.3,2063,21290,11434,8471,2,Mostly Cloudy,10.0,10
Iowa,Linn,220008,108534,111474,163168,62702,20900,1540,7040,18.8,8360,211207,165508,45927,1,Overcast,47.0,53
Nevada,Mineral,4471,2165,2306,3392,39375,907,0,371,13.1,921,4099,2406,1143,2,Clear,3.0,3
Washington,Mason,61569,31695,29874,47524,53087,9974,1416,3263,32.1,5110,56951,39860,16542,3,Overcast,25.0,27
Texas,Atascosa,48139,24051,24088,33109,55194,7028,48,2840,30.8,2936,45250,30105,15097,2,Mostly Cloudy,3.0,3
Texas,Kimble,4432,2140,2292,3485,41095,979,0,150,20.6,283,4281,3016,1132,2,Clear,1.0,1
Kentucky,Jefferson,764378,369391,394987,565101,52237,114656,20638,29810,22.2,48920,713929,554479,160978,1,Overcast,119.0,142
Minnesota,Douglas,36891,18510,18381,28915,58667,3098,184,2471,17.7,1143,34271,26453,9294,1,Clear,2.0,4
California,Lassen,31470,20786,10684,25121,54083,4594,220,1825,20.9,2360,29455,22764,6375,3,Mostly Cloudy,0.0,5
Illinois,Whiteside,56823,27990,28833,43198,51969,6307,227,1591,19.4,3409,55061,36695,16665,2,Clear,1.0,1
Ohio,Wood,129504,63767,65737,100744,58033,17353,388,3885,20.1,7122,125230,93377,29004,3,Clear,39.0,48
Virginia,James City,73028,35265,37763,56500,80772,5477,584,4600,25.0,3578,67843,60004,9445,1,Clear,5.0,7
Virginia,Powhatan,28364,15185,13179,22692,80441,1560,0,2240,31.8,1134,26151,21130,6099,1,Clear,4.0,4
Kentucky,Barren,43418,21123,22295,32469,39658,9942,86,2214,20.7,3299,41116,25916,14202,3,Clear,4.0,4
Georgia,Putnam,21430,10410,11020,16386,48340,3471,42,1050,25.0,1392,20337,14126,5931,3,Clear,1.0,3
Florida,Orange,1290216,633835,656381,878929,51586,215466,34835,68381,27.6,87734,1186998,1004072,198409,1,Clear,1036.0,1283
Michigan,Mackinac,10836,5474,5362,8849,42559,1668,260,736,20.7,1137,9849,7196,2502,3,Overcast,2.0,2
Georgia,Dodge,21063,11024,10039,16512,35290,4675,147,463,26.0,1895,20452,13743,5424,3,Clear,1.0,1
Virginia,Floyd,15594,7842,7752,12273,48396,1871,93,1013,31.6,857,14486,9637,5113,3,Clear,0.0,1
Kentucky,Adair,19304,9632,9672,15280,36575,4150,0,656,22.2,1196,18647,11607,6518,3,Clear,1.0,1
Minnesota,McLeod,35816,17850,17966,26790,59869,3008,107,1181,22.5,1074,34526,23555,11152,3,Clear,1.0,1
Indiana,Fountain,16620,8272,8348,12781,46669,2094,83,548,25.4,1047,15971,8938,6634,3,Clear,2.0,3
Kansas,McPherson,28792,14238,14554,21845,56946,2188,28,950,13.5,719,27813,20100,7972,1,Overcast,2.0,2
Georgia,Gilmer,29614,14950,14664,22105,46211,5567,88,1421,30.1,2191,28074,19168,8254,3,Clear,6.0,22
Pennsylvania,Lancaster,536494,262686,273808,397192,61492,55795,6974,26824,23.1,25215,502694,369654,141113,1,Clear,66.0,104
New Jersey,Morris,498847,244480,254367,354414,107034,22946,26937,27935,30.9,25940,443474,415212,57694,1,Mostly Cloudy,83.0,100
Idaho,Gem,16850,8331,8519,12405,42888,3487,16,1381,29.6,1011,15451,11023,4815,1,Clear,1.0,2
Illinois,Madison,266153,129987,136166,204598,56536,35930,4790,10113,24.8,19695,250982,190265,56192,1,Clear,20.0,26
Maine,Waldo,39280,19269,20011,31212,50162,5617,157,3103,26.4,2553,36019,27618,9071,1,Clear,2.0,2
Nebraska,Washington,20414,10118,10296,15268,66485,2000,40,1061,20.8,347,19332,15331,4735,3,Clear,4.0,6
Wyoming,Teton,22923,12169,10754,16692,80049,1558,871,1306,14.3,297,20745,18508,4117,3,Clear,1.0,1
Pennsylvania,Lebanon,137616,67390,70226,103979,57698,14449,963,5504,23.1,7981,131285,93985,35649,1,Overcast,10.0,16
Oregon,Benton,88249,44598,43651,67672,54682,18267,1941,6618,19.6,5912,79688,71056,11197,3,Overcast,3.0,9
North Carolina,Harnett,128753,63747,65006,89736,50323,23175,257,4120,29.2,11974,124246,87233,29545,1,Clear,5.0,5
Colorado,Fremont,46601,27073,19528,38393,44712,7362,139,2003,22.7,2889,44503,35057,8698,3,Clear,5.0,9
Tennessee,Bradley,103666,50468,53198,76964,46381,18659,310,3939,21.1,7463,99415,68496,27802,1,Overcast,3.0,8
California,Kings,150183,82982,67201,92011,49742,31388,1351,7509,22.4,14567,141472,90320,45160,1,Overcast,5.0,12
Wyoming,Fremont,40354,20206,20148,29888,55013,5528,201,2663,17.9,2421,37448,27918,9976,3,Clear,2.0,2
Montana,Gallatin,100733,52057,48676,78522,59397,13095,402,7152,17.7,4331,93178,77121,19376,1,Clear,1.0,1
Florida,Hernando,179144,85782,93362,142148,44324,25617,358,10390,29.6,15764,168216,129396,33983,1,Clear,51.0,55
Colorado,San Miguel,7804,4150,3654,6015,62243,819,936,1100,19.1,296,5767,6013,1494,1,Clear,4.0,4
New York,St. Lawrence,110817,56381,54436,85770,48330,21498,554,5651,20.9,9751,104500,79033,22032,3,Clear,3.0,3
Ohio,Morrow,34935,17467,17468,26337,52767,3388,349,1257,29.5,1502,33293,22199,11266,1,Partly Cloudy,1.0,1
Tennessee,Monroe,45698,22571,23127,35219,36931,9322,0,1005,28.0,4249,44738,25035,16455,1,Clear,1.0,1
Virginia,Campbell,55158,26745,28413,43082,48823,6453,0,2316,25.3,1875,52841,38843,14439,1,Clear,12.0,14
Washington,Pend Oreille,13066,6636,6430,10297,49184,2168,0,940,29.2,1045,12125,8282,3738,1,Light Rain,2.0,2
Ohio,Preble,41328,20452,20876,31607,52661,5124,82,1239,26.5,2397,40005,26239,12652,3,Scattered Clouds,7.0,9
New York,Livingston,64373,32269,32104,51422,53654,9398,321,2188,25.5,3089,61862,45534,15749,1,Overcast,4.0,4
Minnesota,Rice,65251,33283,31968,47864,63311,7503,326,8808,22.7,2349,56115,46170,16731,1,Clear,3.0,11
Minnesota,Chisago,54297,28102,26195,41208,76747,2932,868,2986,32.8,2280,50441,38596,13472,1,Clear,13.0,36
Ohio,Wayne,115915,57412,58503,86384,54037,15068,231,5332,20.6,4636,110235,75002,36388,3,Clear,9.0,21
North Carolina,Mecklenburg,1034290,497122,537168,693738,61695,138594,32062,69297,25.8,70331,932929,807797,156161,1,Clear,3092.0,3537
Kentucky,Carroll,10695,5467,5228,7697,43345,2962,0,331,18.5,1101,10352,5689,3914,1,Rain,1.0,1
South Carolina,Dorchester,151716,73919,77797,110532,58685,17902,910,6372,28.8,9406,144433,112567,29600,1,Clear,10.0,17
Louisiana,Ouachita,156433,75019,81414,115331,40081,38326,1720,3441,19.9,10950,151270,115368,30114,3,Partly Cloudy,3.0,3
Michigan,Gratiot,41319,21937,19382,32704,42256,8470,41,2437,23.4,3057,38839,27051,11210,3,Overcast,1.0,2
New Jersey,Gloucester,291372,141589,149783,219949,81489,23018,6701,9615,29.9,21561,275346,219895,49915,1,Mostly Cloudy,42.0,53
Colorado,Weld,285729,143783,141946,193934,66489,32001,1714,15715,26.7,15143,268585,196986,73599,3,Clear,48.0,54
Georgia,Warren,5410,2534,2876,4197,32860,1449,10,167,25.4,443,5231,3154,1812,1,Overcast,4.0,4
Iowa,Cerro Gordo,43134,21011,22123,33798,50569,4874,345,1466,16.3,1768,41365,29535,11872,3,Overcast,2.0,11
Iowa,Story,95888,49985,45903,72972,52671,21095,5465,4794,17.7,4219,85627,77001,14667,1,Clear,18.0,19
Kansas,Johnson,578797,283504,295293,409010,81121,32412,1736,35306,20.9,20257,541753,489839,68700,1,Clear,450.0,515
Arizona,Navajo,107902,54037,53865,76593,38798,31399,1186,7121,21.6,17588,99593,69361,20952,3,Clear,23.0,34
Tennessee,Hamilton,354589,170993,183596,270508,50273,51415,3545,17729,21.4,20920,333313,266601,67401,1,Mostly Cloudy,117.0,151
Georgia,Cook,17190,8275,8915,12384,35539,4159,17,825,25.6,997,16347,10638,5554,1,Fair,4.0,9
California,San Benito,58671,29208,29463,36368,80760,5691,293,1994,34.1,5163,56382,37241,16266,1,Clear,20.0,24
Minnesota,Freeborn,30619,15312,15307,22927,51174,3613,214,765,18.7,1255,29608,19644,9690,1,Overcast,8.0,15
Louisiana,Madison,11616,5786,5830,8785,29424,4228,11,58,13.0,1428,11546,7804,2383,1,Clear,0.0,1
Maryland,Frederick,246105,121305,124800,176511,88502,17719,7137,15012,35.0,12551,223955,195951,37835,3,Clear,157.0,194
New Mexico,Cibola,27049,13678,13371,19394,36089,7708,108,2028,23.4,4327,24912,17609,5112,3,Clear,5.0,5
Minnesota,Nicollet,33477,16748,16729,25333,62593,3782,167,3347,17.9,1272,29928,25409,6795,1,Clear,2.0,2
Oregon,Hood River,22938,11512,11426,14538,57269,2775,22,2569,17.4,1169,20346,14628,7118,3,Fair,3.0,4
West Virginia,Pocahontas,8574,4467,4107,7042,37111,1509,60,557,27.3,540,7956,5647,2394,3,Overcast,3.0,3
Idaho,Lewis,3824,1918,1906,2893,40313,585,3,240,22.7,225,3575,2555,1043,3,Clear,3.0,5
Idaho,Power,7667,3951,3716,4857,47602,889,46,590,18.2,782,7030,4000,2891,1,Light Snow,4.0,6
New Hampshire,Strafford,126552,61938,64614,98519,67805,12022,3037,4935,26.7,5568,118705,96061,24922,1,Clear,18.0,31
Virginia,King George,25564,12839,12725,18715,84770,1457,357,996,37.1,1252,24183,19692,4594,1,Clear,4.0,7
Texas,Lamar,49401,23876,25525,36668,42198,8793,49,1580,20.3,2766,47820,32457,14177,2,Clear,2.0,2
Indiana,Bartholomew,81024,40688,40336,55538,57331,10046,486,2187,19.6,4051,78350,56960,19936,3,Overcast,8.0,12
Arkansas,Grant,18076,8829,9247,13759,49968,2602,18,560,29.7,1572,17497,11305,5215,3,Clear,3.0,3
Florida,Bay,180117,89542,90575,137132,50283,27738,2161,5943,22.8,11527,172011,133691,34898,1,Clear,1.0,2
Georgia,Peach,27027,12992,14035,20338,43645,5054,486,459,22.7,2324,26108,17267,7460,2,Clear,15.0,18
Colorado,Phillips,4327,2249,2078,2981,50076,350,0,129,15.8,86,4197,3087,1153,3,Overcast,2.0,2
Pennsylvania,McKean,42070,21802,20268,33352,45866,7278,420,1304,21.1,3155,40345,26578,12297,1,Clear,1.0,1
New York,Rockland,325027,159227,165800,207456,88571,46153,27952,16251,31.0,20476,280823,263741,40809,1,Clear,61.0,90
Michigan,Iron,11291,5576,5715,9356,36773,1603,33,677,21.9,643,10579,7485,3162,3,Clear,2.0,2
Tennessee,Anderson,75538,36803,38735,58291,47206,12312,75,2266,23.3,5212,73196,53588,16737,3,Overcast,5.0,5
New Jersey,Warren,107088,52230,54858,80808,75500,8781,1177,5247,35.4,7924,100662,78835,20328,3,Clear,23.0,31
Utah,Morgan,11014,5617,5397,7021,86071,264,33,429,27.7,374,10562,8150,2479,1,Clear,3.0,5
Florida,Jackson,48571,26887,21684,38345,36944,10491,0,1165,23.0,5439,47405,34203,8971,1,Clear,7.0,11
Maryland,Anne Arundel,564600,279581,285019,418118,94502,34440,20325,28794,30.2,29359,515479,457095,78145,3,Clear,201.0,295
South Carolina,Florence,138537,64593,73944,103408,43310,27153,415,4710,23.1,13161,133272,97667,27833,1,Clear,13.0,19
Texas,Edwards,2111,965,1146,1765,48462,147,0,344,16.3,107,1766,1468,537,1,Scattered Clouds,2.0,2
South Carolina,Darlington,67572,31915,35657,51426,36217,15338,135,1689,23.0,8851,65747,42514,16206,1,Clear,2.0,3
Nebraska,Butler,8105,4085,4020,6085,52448,632,16,615,22.0,356,7464,4881,2867,3,Clear,2.0,2
Virginia,Dinwiddie,28033,13849,14184,21702,54640,4148,84,644,29.2,2326,27304,18483,7249,1,Overcast,13.0,18
Maine,Sagadahoc,35149,16942,18207,28104,60457,3971,35,2003,22.9,1441,33110,25719,7955,1,Cloudy,8.0,10
Idaho,Elmore,26232,13651,12581,18120,45154,3908,131,1101,17.2,1914,24972,16025,8292,1,Clear,6.0,10
Kansas,Sumner,23336,11658,11678,17383,52695,2753,46,1213,23.5,1190,22075,15125,7020,1,Clear,1.0,1
New Mexico,Torrance,15534,8126,7408,11630,35543,4209,15,2236,29.6,1211,13281,11186,3136,2,Clear,2.0,3
Michigan,Clinton,77321,38231,39090,58317,64903,7809,773,3556,23.3,3324,72991,58309,15613,1,Partly Cloudy,6.0,7
New York,Cattaraugus,78175,38739,39436,59928,45571,13211,312,2345,21.9,5472,75673,53727,18975,3,Mostly Cloudy,5.0,5
Utah,Duchesne,20259,10320,9939,12892,63000,2572,121,1357,20.6,1256,18759,11990,7031,1,Clear,1.0,2
Georgia,Richmond,201568,97435,104133,150995,39430,48779,3426,4232,20.5,23381,194109,139698,38488,3,Clear,17.0,26
Indiana,Harrison,39450,19790,19660,30330,53897,5089,39,1499,29.4,2603,37872,25424,11422,1,Light Rain,1.0,2
Kentucky,Campbell,91804,45005,46799,71035,57208,13036,1927,3304,22.4,4957,86571,69651,17108,1,Clear,27.0,30
Illinois,Putnam,5771,2957,2814,4532,64741,513,0,144,23.7,300,5626,3610,1860,3,Overcast,0.0,1
Georgia,Glynn,83467,39362,44105,62005,47546,16025,333,2921,19.3,5592,80211,61832,16042,3,Clear,5.0,13
West Virginia,Braxton,14345,7172,7173,11430,41266,3170,14,688,30.2,2194,13656,8845,3305,1,Cloudy,6.0,7
Ohio,Jackson,32624,15953,16671,24679,43397,6720,32,782,25.6,3523,31841,20079,9021,3,Clear,2.0,2
Connecticut,New London,270772,135581,135191,208603,69411,26806,4061,12997,23.4,18954,253713,208001,44068,3,Clear,72.0,102
Florida,St. Johns,226578,110112,116466,171715,73640,20618,226,18352,27.2,12008,207998,186461,28323,1,Clear,25.0,45
Iowa,Lyon,11745,6011,5734,8322,62012,575,11,845,16.2,281,10887,8322,3152,1,Mostly Cloudy,1.0,1
Pennsylvania,Mifflin,46452,22748,23704,35727,46286,6271,92,1765,24.1,1950,44593,28169,16332,1,Scattered Clouds,9.0,10
Montana,Sweet Grass,3646,1763,1883,2801,49761,379,277,415,22.1,32,2953,2331,1282,2,Partly Cloudy,1.0,1
Texas,Hidalgo,839539,410383,429156,403944,37097,266973,2518,41137,21.9,68002,795882,587139,185168,1,Fair,1.0,1
Georgia,Evans,10757,5093,5664,7603,38736,2796,32,527,23.6,709,10208,6802,3255,3,Clear,5.0,5
South Carolina,Greenwood,69981,32489,37492,52024,39196,16935,279,1679,22.2,6788,68091,44867,18325,1,Light Rain,3.0,3
Mississippi,Clarke,16089,7575,8514,12397,37626,2976,0,289,32.0,1464,15799,9330,5308,1,Overcast,1.0,2
Arizona,Mohave,204691,103175,101516,160544,41567,38072,1842,6345,20.4,20673,196708,140773,43428,1,Clear,32.0,49
California,Mariposa,17658,8863,8795,14129,51385,2666,423,1624,30.9,1765,15609,13318,2574,1,Clear,2.0,2
Minnesota,Koochiching,12776,6384,6392,10011,47131,2184,204,536,16.2,881,12034,8397,3497,1,Clear,2.0,2
West Virginia,Wood,86016,41458,44558,67560,45537,14536,602,2236,20.3,5160,83091,63310,17626,1,Light Rain,15.0,17
Pennsylvania,Clarion,38747,18932,19815,31269,44373,6780,77,1511,22.5,2557,37158,26165,10024,3,Overcast,13.0,15
Ohio,Muskingum,85933,41718,44215,65556,43325,14264,257,1804,23.7,5929,83870,56562,23441,3,Clear,7.0,11
Alabama,St. Clair,86937,43469,43468,66069,53483,11910,86,2521,29.7,5042,84328,57572,24240,3,Rain,1.0,1
Oregon,Lane,363471,179116,184355,282366,47710,68332,11267,21444,20.2,27623,330758,268006,67505,3,Overcast,27.0,35
California,Calaveras,45057,22292,22765,35783,54800,5767,450,3739,35.5,3199,40911,32188,9669,1,Clear,9.0,9
Ohio,Ashland,53299,26005,27294,40471,50893,7568,159,1758,24.4,2238,51380,34108,16901,3,Clear,2.0,4
Nevada,Lyon,52303,26400,25903,38606,50920,7165,52,1621,29.6,5125,50629,32647,14530,3,Mostly Cloudy,3.0,7
Indiana,Lawrence,45669,22621,23048,35199,49985,5251,45,1324,23.6,2374,44298,31258,12036,3,Overcast,2.0,4
Tennessee,Marion,28355,13830,14525,22136,45366,5132,28,1219,28.1,1701,27107,17618,9062,1,Mostly Cloudy,12.0,18
Mississippi,Tunica,10276,4818,5458,7036,32052,2774,82,61,21.5,1048,10121,7290,1947,2,Overcast,1.0,3
Alabama,Shelby,208721,101420,107301,151940,74063,17323,208,10227,28.0,8975,198284,169384,30161,2,Clear,17.0,19
New York,New York,1653877,782142,871735,1183958,79781,286120,982402,110809,31.8,102540,559010,1456705,93080,1,Clear,261.0,353
Pennsylvania,Forest,7388,5972,1416,6643,37106,1041,7,243,26.9,398,7129,5025,1964,3,Light Snow,1.0,1
Minnesota,Ramsey,537893,261783,276110,378733,60301,80683,35500,29584,23.9,29584,472807,424438,83870,1,Clear,362.0,489
California,Amador,37306,20005,17301,30677,60636,3954,37,2387,32.0,3469,34881,27069,6767,1,Clear,12.0,15
Georgia,Stephens,25625,11930,13695,19445,39756,4638,0,1025,20.9,2998,24600,15771,6833,3,Clear,4.0,5
Arkansas,Franklin,17803,8674,9129,13611,39472,3898,160,907,26.8,1174,16734,11158,5470,3,Clear,2.0,2
Ohio,Vinton,13142,6608,6534,10135,41541,2772,52,315,31.7,1393,12774,7143,4593,1,Clear,4.0,4
Michigan,Kalamazoo,259830,127247,132583,196596,51945,43391,3897,10653,20.3,17148,245279,196329,46352,1,Clear,23.0,35
Michigan,Chippewa,38023,20948,17075,30374,44030,6501,304,1368,16.8,3422,36349,27542,7024,3,Clear,2.0,2
Pennsylvania,Franklin,153003,75535,77468,115719,58267,15912,306,5661,24.4,8721,146882,102440,41697,1,Clear,29.0,42
Georgia,Henry,217506,104175,113331,153050,64752,24795,2175,14137,33.6,16747,201193,152978,47579,1,Overcast,42.0,75
Georgia,Treutlen,6752,3394,3358,5184,39375,1417,0,148,26.1,378,6603,4060,2313,1,Overcast,2.0,5
Utah,Emery,10410,5306,5104,7098,51852,1342,135,707,19.8,458,9556,6807,3144,1,Fair,8.0,8
West Virginia,Kanawha,187827,90415,97412,148416,46859,30991,3756,5259,20.9,12208,178811,146290,29328,1,Mostly Cloudy,102.0,129
Iowa,Woodbury,102397,50496,51901,70670,51350,14335,1023,4095,17.8,4915,97277,67749,29732,1,Clear,23.0,29
Florida,Gadsden,46113,21869,24244,34299,39830,11251,46,1060,30.2,3919,45006,32615,9620,1,Light Rain,7.0,8
Maryland,Montgomery,1039198,501571,537627,653497,103178,72743,161075,61312,34.7,56116,816809,880841,102240,2,Clear,213.0,295
North Carolina,Carteret,68699,33760,34939,54854,51584,8587,274,3434,23.2,5495,64920,49362,13841,1,Clear,2.0,2
North Carolina,Onslow,192685,107245,85440,142797,48162,27168,578,10597,21.4,20424,181509,135741,36519,1,Light Rain,2.0,2
Michigan,Kalkaska,17358,8874,8484,13495,43431,3211,156,538,28.6,1510,16681,10586,5261,3,Scattered Clouds,2.0,2
Mississippi,Copiah,28748,13762,14986,21679,38046,6985,114,459,31.5,3536,28173,17976,7235,2,Fair,1.0,1
Oregon,Jefferson,22707,11605,11102,16443,48464,4745,45,1362,20.4,2702,21299,14203,5801,3,Clear,3.0,3
Florida,Hillsborough,1351087,658639,692448,937597,53742,212120,20266,83767,27.3,91873,1247053,1042629,216584,1,Clear,594.0,718
New Mexico,Eddy,56793,28792,28001,39729,60703,8291,283,1022,17.7,2896,55486,36110,17786,3,Clear,6.0,6
Illinois,Cass,12880,6529,6351,8802,50156,1687,51,540,20.5,888,12287,7351,4640,3,Clear,3.0,3
Oklahoma,Ottawa,31725,15570,16155,23392,38472,6916,126,602,20.0,2284,30995,20991,8479,1,Clear,2.0,3
Washington,Spokane,490764,243266,247498,369260,52159,74596,12269,25519,21.5,30918,453465,370635,89669,1,Clear,65.0,74
Idaho,Clark,1055,566,489,489,31927,255,0,120,18.3,52,934,499,503,1,Cloudy,3.0,5
Wisconsin,Walworth,102917,51330,51587,76828,58401,12761,617,4734,24.0,5763,97668,70728,26425,3,Overcast,16.0,21
Iowa,Benton,25646,12786,12860,19383,64061,2231,25,1231,23.8,923,24389,17058,7688,2,Scattered Clouds,6.0,7
Oklahoma,Logan,45326,22593,22733,33857,59133,5983,226,2855,28.5,2175,42198,32708,10442,3,Overcast,3.0,5
Colorado,Moffat,13056,6772,6284,9338,53010,1318,143,470,22.0,470,12455,8659,3926,3,Light Snow,1.0,3
California,Sonoma,500943,245381,255562,354994,71769,53600,9517,34565,25.2,29555,456860,375224,96163,1,Clear,202.0,241
Montana,Treasure,790,377,413,634,42454,134,0,90,17.6,0,699,558,232,3,Fair,2.0,2
Georgia,Jones,28540,13864,14676,21631,55110,4052,114,1084,26.9,2482,27341,19204,6827,1,Clear,6.0,6
Iowa,Howard,9321,4677,4644,6996,51422,1081,18,755,17.8,270,8547,5846,3213,3,Clear,2.0,2
Michigan,Lenawee,98585,49929,48656,76189,51339,13506,295,3056,26.8,5816,95233,65216,27459,3,Overcast,6.0,6
Pennsylvania,Wyoming,27760,13958,13802,22052,55965,2887,166,1665,25.6,1804,25955,17364,8591,3,Light Rain,2.0,3
Louisiana,St. John the Baptist,43565,21285,22280,31950,53628,7798,130,697,28.5,3180,42737,28431,11953,1,Mostly Cloudy,10.0,12
Iowa,Louisa,11238,5743,5495,7884,54393,1236,11,595,24.3,460,10631,6165,4602,3,Overcast,0.0,2
South Dakota,Jackson,3275,1659,1616,2264,38041,1467,55,668,12.6,393,2551,2302,579,1,Light Snow,0.0,1
West Virginia,Fayette,44602,22404,22198,35083,39297,8920,89,847,28.2,3746,43665,30356,10499,1,Fog,2.0,2
Indiana,Wabash,31848,15568,16280,24832,49052,4235,222,891,19.6,1751,30733,20616,9480,3,Mostly Cloudy,4.0,4
Pennsylvania,Berks,415500,204283,211217,307824,59580,56508,6648,16204,24.9,30331,392647,276551,108232,3,Overcast,20.0,53
California,Tuolumne,53899,28029,25870,43977,54325,7330,323,3503,27.0,4258,50072,39514,10126,1,Clear,14.0,16
Georgia,Tattnall,25402,14892,10510,19266,36355,6020,76,1397,24.9,1016,23979,17094,7315,3,Mostly Cloudy,2.0,2
New Mexico,Sierra,11254,5513,5741,9158,29690,2385,11,405,16.7,1282,10848,7758,2203,1,Clear,1.0,2
New Hampshire,Merrimack,147958,72864,75094,115569,69856,11392,591,9765,26.3,5918,137600,113347,28550,1,Clear,115.0,163
Pennsylvania,Somerset,75619,39289,36330,61414,46132,9603,75,3629,24.2,4612,71913,48781,22225,3,Clear,14.0,22
New York,Madison,71760,35413,36347,56718,58365,7965,430,3372,23.3,3157,68028,53098,15504,1,Light Snow,5.0,9
Colorado,Hinsdale,820,384,436,672,53056,98,0,29,12.3,33,790,632,153,3,Light Snow,1.0,1
Wisconsin,Sheboygan,115094,57875,57219,86298,56114,9437,345,4488,18.2,5064,110144,74050,35979,1,Overcast,10.0,10
Virginia,Clarke,14331,7195,7136,11059,72129,1490,14,1060,35.6,472,13256,10865,3007,3,Clear,5.0,8
Pennsylvania,Columbia,66615,32085,34530,54036,48395,10591,199,2264,22.3,3397,64083,45643,17574,3,Light Rain,2.0,8
West Virginia,Lewis,16371,8198,8173,12782,39793,3241,0,409,28.2,1227,15978,10419,4724,3,Scattered Clouds,4.0,7
Washington,Thurston,269885,132099,137786,202828,66113,31306,4857,12954,25.6,20781,252342,204265,45087,1,Clear,59.0,73
Georgia,Lamar,18282,8800,9482,14220,41157,3802,0,712,29.6,2084,17550,11792,4405,1,Overcast,1.0,1
Florida,St. Lucie,298763,146025,152738,217389,47132,49594,1493,13743,27.6,22705,283526,216153,59904,1,Clear,42.0,56
Arkansas,Miller,43760,21581,22179,32903,41862,9189,87,875,18.4,3500,42753,29188,11031,3,Clear,1.0,2
New Mexico,Colfax,12522,6317,6205,9964,33042,2942,12,576,15.6,1252,11933,9173,2084,3,Clear,3.0,5
California,Contra Costa,1123678,548675,575003,743847,88456,110120,115738,70791,37.1,77533,937147,879807,165290,1,Clear,776.0,963
Texas,Howard,36491,20588,15903,25331,50855,5072,145,401,18.8,2444,35907,24003,10043,1,Clear,2.0,3
Indiana,Spencer,20610,10431,10179,15846,55280,1999,41,1092,26.8,1174,19476,12400,7055,3,Clear,3.0,5
Illinois,Kendall,122933,60801,62132,82182,89860,6884,3810,5900,33.0,6146,113221,91911,24875,3,Mostly Cloudy,8.0,10
Missouri,Lawrence,38131,19072,19059,27636,41673,6520,38,1944,22.2,2364,36148,24500,11230,3,Clear,2.0,3
Pennsylvania,Erie,277794,137134,140660,211830,48192,46669,4722,10000,19.3,18056,262793,201296,58441,3,Clear,31.0,46
Nebraska,Cass,25513,12813,12700,19134,68284,1607,25,918,26.1,714,24569,18723,6075,3,Clear,2.0,2
Maryland,Baltimore,828637,392930,435707,607614,71810,75405,39774,33145,29.5,45575,755716,660904,122157,3,Mostly Cloudy,36.0,58
Iowa,Calhoun,9814,5080,4734,7731,46302,1501,49,588,20.4,225,9176,6856,2713,3,Overcast,2.0,2
North Carolina,Iredell,169798,83570,86228,122949,55957,21564,679,8829,25.6,12225,160459,114713,42859,1,Clear,25.0,27
Nebraska,Dawson,23925,12235,11690,15194,51238,3277,0,813,15.3,1004,23135,13752,9168,1,Light Drizzle,0.0,1
Ohio,Hardin,31576,15620,15956,23874,46404,5241,63,1641,25.2,2147,29839,18952,10476,3,Clear,1.0,1
North Carolina,Alamance,157844,75078,82766,113344,44281,27780,315,4577,23.6,9470,152792,108906,39319,1,Clear,18.0,24
Nebraska,Douglas,549706,270917,278789,377163,58640,74210,6596,20888,19.3,24187,522220,431976,94067,1,Clear,107.0,126
Georgia,Sumter,30687,14492,16195,22763,34219,10249,0,1012,20.3,3252,29643,19094,8340,1,Clear,2.0,2
Maryland,St. Mary's,110979,55420,55559,81547,86508,9100,2441,2774,30.9,4661,105873,86117,20306,3,Overcast,1.0,11
Wisconsin,Milwaukee,956586,462784,493802,679917,46784,196100,54525,32523,22.4,67917,869536,699382,189286,1,Clear,473.0,618
Georgia,Liberty,62120,31466,30654,43087,43493,10311,310,683,21.6,7392,61126,41264,13463,3,Mostly Cloudy,4.0,6
Kentucky,Hart,18531,9138,9393,13865,37315,4280,0,667,29.1,1223,17863,10315,7009,1,Clear,2.0,2
Idaho,Latah,38697,19813,18884,30041,43310,8706,270,1586,19.4,2786,36839,29375,6535,1,Clear,1.0,1
Mississippi,Yalobusha,12426,6101,6325,9537,37647,2808,12,24,25.4,658,12401,6860,4907,1,Clear,3.0,3
Texas,McLennan,245720,119894,125826,170837,46262,47423,982,8845,19.4,12531,235891,177456,55965,1,Clear,1.0,2
Illinois,Ford,13470,6647,6823,10284,50851,2114,13,660,22.3,889,12796,8567,4025,3,Overcast,2.0,2
Florida,Sarasota,404839,193328,211511,324231,55236,42508,2833,26719,23.6,23075,375285,315718,66045,1,Clear,105.0,120
Oklahoma,Washita,11550,5729,5821,8374,51909,1640,11,623,21.6,531,10914,7658,3360,3,Mostly Cloudy,0.0,1
Illinois,Richland,15953,7919,8034,12282,46454,2392,63,414,19.2,1005,15474,9925,5022,3,Light Rain,2.0,2
Florida,Indian River,147981,71064,76917,115848,49009,18793,591,11246,22.4,12134,136290,109764,26218,1,Partly Cloudy,12.0,20
Oklahoma,Kiowa,9127,4493,4634,6890,38191,2181,0,456,20.9,556,8670,5811,2768,3,Partly Cloudy,2.0,2
Texas,Caldwell,40544,20563,19981,28283,51346,7176,81,1621,30.6,1378,38881,27024,12180,1,Clear,0.0,1
Indiana,Shelby,44339,21933,22406,33376,57216,4699,88,1108,23.5,2172,43186,27703,14463,3,Clear,7.0,11
Kansas,Lyon,33302,16165,17137,23641,42992,6194,199,1198,17.0,1931,31903,21708,9662,3,Overcast,3.0,3
Texas,Grayson,126146,61556,64590,90691,52683,18038,504,7442,24.9,8199,118198,87752,30076,3,Scattered Clouds,1.0,1
Virginia,King William,16329,8108,8221,12468,67423,1779,65,620,37.4,604,15626,10834,4874,1,Clear,8.0,8
Virginia,Alleghany,15489,7586,7903,12369,46020,2989,77,418,24.6,681,14977,9936,4871,1,Clear,2.0,4
West Virginia,Putnam,56644,27904,28740,43623,59113,5267,56,2039,24.7,1982,54604,43073,11588,1,Scattered Clouds,28.0,36
Utah,Beaver,6414,3296,3118,4165,47878,673,12,218,16.0,301,6176,4138,1974,1,Clear,3.0,5
New York,Rensselaer,159800,78800,81000,124423,63166,20134,4794,5433,24.4,9268,149572,122081,28450,1,Partly Cloudy,45.0,62
Maine,Franklin,30177,14739,15438,24418,45541,3741,120,1810,23.7,1840,28275,21167,7140,1,Light Snow,3.0,5
Iowa,Fayette,20139,10162,9977,15691,48412,2577,80,1691,19.5,704,18386,13312,6141,3,Clear,3.0,3
New Mexico,Hidalgo,4446,2179,2267,3247,31829,1155,0,257,19.9,400,4192,2925,1120,3,Clear,2.0,2
New Jersey,Burlington,449192,220995,228197,338998,82839,28748,16170,17069,29.3,30994,415951,350031,68166,1,Clear,86.0,120
Wisconsin,Monroe,45303,22893,22410,33266,56479,5708,90,2083,19.8,2129,43083,29142,14031,1,Clear,10.0,14
Georgia,Murray,39444,19397,20047,27426,41617,7099,78,276,27.3,2918,39128,20162,16400,3,Clear,0.0,2
Arkansas,Crittenden,49278,23303,25975,35076,38558,11580,147,1675,19.9,4139,47454,32003,13090,3,Clear,13.0,14
South Carolina,Cherokee,56549,27527,29022,42586,35286,12440,113,678,22.1,4410,55813,34620,17518,1,Light Rain,8.0,8
North Carolina,Davidson,164118,80121,83997,122515,45806,25930,656,4431,24.8,13457,159030,101696,49115,1,Clear,10.0,12
Alabama,Blount,57667,28490,29177,42513,47412,8996,57,1211,35.0,2825,56398,35482,19359,3,Partly Cloudy,4.0,4
Georgia,Dade,16282,7956,8326,13024,43163,2849,32,634,26.4,781,15598,10726,4774,1,Overcast,4.0,6
Ohio,Cuyahoga,1257401,599033,658368,957130,46720,230104,60355,50296,24.3,111908,1146749,937013,208479,1,Overcast,312.0,389
California,San Diego,3283665,1651147,1632518,2207599,70588,436727,101793,229856,25.7,233140,2955298,2559390,488084,1,Clear,1381.0,1810
New York,Bronx,1455846,685636,770210,849295,36593,432386,876419,45131,44.2,168878,535751,1054026,234228,1,Mostly Cloudy,312.0,476
South Carolina,Calhoun,14808,7071,7737,11656,44010,2709,44,459,28.1,962,14304,9235,4610,1,Scattered Clouds,13.0,15
Mississippi,Lafayette,52744,25611,27133,42154,45019,13344,369,1793,18.7,3006,50581,41431,8355,1,Partly Cloudy,1.0,1
Louisiana,Acadia,62607,30433,32174,45197,40492,13460,125,1565,27.6,5572,60916,40038,16996,1,Clear,3.0,5
Virginia,Washington,54457,26857,27600,43820,44844,7950,108,2668,24.0,3485,51625,39350,11672,1,Clear,7.0,13
Tennessee,Humphreys,18281,8985,9296,14310,40998,3363,0,329,27.5,1169,17951,11020,6091,1,Overcast,3.0,3
Illinois,Woodford,38942,19374,19568,29137,69507,2881,194,1518,22.7,1830,37189,28464,8647,3,Overcast,2.0,2
Iowa,Pocahontas,6972,3440,3532,5331,45969,920,0,481,18.2,244,6483,4379,2348,3,Scattered Clouds,0.0,4
Oregon,Umatilla,76736,40006,36730,51465,50071,13659,306,2302,18.0,6369,74126,46864,23572,3,Overcast,3.0,8
Georgia,Lowndes,113941,55796,58145,83763,39911,28485,455,2962,19.2,10482,110522,82042,21312,3,Clear,12.0,16
Oklahoma,Beckham,22971,12263,10708,16740,49625,2894,45,551,17.0,1056,22396,14836,7078,3,Clear,2.0,3
Georgia,Burke,22645,10752,11893,16455,38707,6612,45,611,26.4,1313,22010,14057,7295,3,Overcast,1.0,2
Michigan,Mason,28800,14284,14516,22610,45524,4608,86,1238,17.6,2188,27475,19692,6892,3,Clear,3.0,5
Montana,Jefferson,11625,5955,5670,9096,64911,1150,11,639,20.3,662,10974,8649,2313,1,Clear,6.0,8
Indiana,Warrick,61581,30490,31091,45709,66080,4741,184,1601,23.6,2093,59856,44794,14693,3,Mostly Cloudy,4.0,5
Tennessee,Hawkins,56402,27525,28877,44330,38728,10885,338,1240,25.3,4173,54822,34523,17705,3,Clear,8.0,10
Virginia,Gloucester,37035,18278,18757,29301,63881,3222,148,1407,32.9,1222,35479,25463,10349,1,Clear,5.0,5
Mississippi,Warren,47510,22609,24901,35681,41635,11259,47,617,18.5,3753,46844,33080,10676,3,Overcast,2.0,5
Kansas,Wabaunsee,6918,3492,3426,5188,58947,421,27,463,27.0,297,6426,4965,1655,1,Clear,4.0,4
Oregon,Gilliam,1910,962,948,1454,39831,189,0,141,17.5,143,1768,1180,586,1,Clear,2.0,2
Colorado,Mesa,148798,73478,75320,113269,51971,23807,595,9225,20.2,11903,138977,103903,32991,3,Clear,11.0,16
Tennessee,Coffee,54074,26397,27677,40175,46614,8219,0,1946,23.1,3136,52073,32702,18286,1,Mostly Cloudy,4.0,8
Florida,Marion,343778,164984,178794,270592,41964,60504,1375,22001,25.4,30940,320401,249644,63193,1,Scattered Clouds,39.0,55
North Carolina,Haywood,59854,29008,30846,48213,45538,9935,299,1855,22.8,3052,57639,41749,15052,1,Clear,17.0,22
Georgia,Jefferson,15954,7691,8263,11916,29640,4291,31,446,25.8,1356,15475,8598,6014,3,Fair,2.0,5
Louisiana,St. James,21485,10340,11145,16386,52055,3351,128,257,27.0,1761,21119,12741,7002,1,Mostly Cloudy,3.0,5
Minnesota,Cottonwood,11437,5660,5777,8312,50524,1784,80,674,16.8,583,10682,6870,3983,2,Clear,0.0,1
Virginia,Prince George,37704,20643,17061,28884,68461,4637,150,1168,25.7,3204,36384,26634,7831,1,Scattered Clouds,9.0,13
Pennsylvania,Clearfield,80539,41950,38589,63655,45188,12322,161,1932,24.4,6604,78444,49906,23954,1,Overcast,71.0,96
North Carolina,Orange,141812,67598,74214,103638,65522,19853,10210,12054,22.2,7374,119689,120187,14115,1,Fair,22.0,32
Kansas,Labette,20553,10142,10411,15612,45706,3658,61,657,15.8,965,19833,13789,5798,3,Partly Cloudy,1.0,1
Wisconsin,Kenosha,167886,83033,84853,123236,57269,24343,1678,4868,25.9,13095,161170,115164,39471,1,Clear,13.0,20
Alabama,Macon,19358,8933,10425,15760,32308,5013,193,309,22.5,2806,18874,12066,4502,1,Clear,3.0,4
Oklahoma,Carter,48407,23449,24958,35218,47754,7938,242,1452,19.6,3098,46712,31897,13411,3,Clear,0.0,2
New York,Genesee,58537,29199,29338,45954,54033,7492,234,1521,22.2,2985,56780,39608,15943,1,Mostly Cloudy,6.0,12
Wisconsin,Outagamie,183288,91418,91870,135990,61523,15762,1466,6964,19.8,5681,175040,128942,48664,1,Scattered Clouds,25.0,31
Nebraska,Adams,31564,15981,15583,23151,51721,3913,220,1230,15.3,1325,30112,22134,8104,3,Clear,2.0,2
Texas,Nueces,358484,176836,181648,252113,53317,59866,4660,8245,19.6,21150,345578,253675,83658,2,Mostly Cloudy,2.0,2
Missouri,Cooper,17620,9267,8353,13678,46547,1973,35,651,24.0,881,16950,12604,4134,1,Clear,2.0,2
Colorado,Gunnison,16215,8795,7420,13020,52651,2286,486,632,14.2,1183,15079,11334,3697,3,Clear,2.0,6
North Carolina,McDowell,45069,22706,22363,34523,38776,8698,0,1667,23.0,3335,43401,27001,14732,3,Mostly Cloudy,5.0,5
Missouri,Callaway,44793,22801,21992,34855,53180,5509,44,1567,23.5,1926,43180,31850,11059,1,Clear,3.0,4
Idaho,Teton,10776,5692,5084,7158,55986,894,96,894,27.9,668,9773,7641,2466,1,Clear,1.0,1
New Mexico,Sandoval,138815,67939,70876,102231,60345,20405,1526,7912,28.4,11105,129375,106127,21582,3,Clear,1.0,3
Pennsylvania,Beaver,168161,81606,86555,134353,53981,18161,3363,6726,25.6,9417,158407,121597,37146,3,Scattered Clouds,13.0,18
Wisconsin,St. Croix,87142,43468,43674,63960,77768,4182,435,5315,27.9,2875,81477,64464,19802,1,Clear,8.0,9
Louisiana,Beauregard,36598,18631,17967,26980,47350,6331,109,585,30.1,2708,35866,22570,11353,3,Clear,0.0,2
Ohio,Hocking,28547,14122,14425,21944,48073,4053,199,1027,32.0,2112,27319,18742,7692,3,Overcast,6.0,7
Illinois,Lee,34670,18375,16295,27211,58319,4091,173,1456,21.5,2045,33075,23555,9069,2,Clear,2.0,3
Oklahoma,Sequoyah,41364,20451,20913,31207,37455,10175,124,910,25.4,3598,40329,26587,11178,3,Clear,1.0,1
South Carolina,Hampton,20066,10350,9716,15308,32147,3692,300,280,31.7,1946,19504,12520,5617,1,Scattered Clouds,0.0,2
Ohio,Richland,121533,61682,59851,94439,44138,18959,1458,3767,22.2,9114,116428,79705,32826,3,Clear,7.0,12
Texas,Colorado,20913,10487,10426,14875,50241,2509,230,731,20.5,606,19951,14377,5929,2,Drizzle,2.0,2
Florida,Manatee,363542,175761,187781,269879,53408,48714,2908,27265,25.4,23993,333004,274016,65532,1,Clear,100.0,120
West Virginia,Jackson,29123,14440,14683,22698,41731,4281,58,611,29.9,1339,28424,19893,7918,1,Clear,10.0,17
Indiana,Gibson,33596,16841,16755,25458,51149,3594,67,772,21.5,1175,32756,19841,12579,3,Clear,7.0,7
Virginia,King and Queen,7052,3524,3528,5590,51495,1100,14,401,34.6,310,6635,4422,2312,2,Overcast,2.0,2
Indiana,Boone,63013,31211,31802,44927,75591,3843,63,3402,24.9,2079,59547,49600,11394,1,Clear,54.0,63
Pennsylvania,Chester,514652,253509,261143,369972,92417,35510,14410,36025,27.9,24703,464730,417926,72022,1,Cloudy,79.0,105
Texas,Pecos,15804,9058,6746,10542,50543,1817,94,489,19.2,584,15203,9451,5768,2,Clear,3.0,5
Iowa,Adair,7192,3552,3640,5572,49477,683,21,445,22.3,215,6724,4542,2434,1,Overcast,7.0,10
Kentucky,Mercer,21378,10652,10726,16316,47574,3570,42,1026,26.4,1945,20309,13156,6276,1,Scattered Clouds,1.0,1
Virginia,Scott,22290,11191,11099,18018,38725,3945,22,468,28.2,1381,21821,13799,7109,1,Mostly Cloudy,1.0,1
North Carolina,Montgomery,27445,13584,13861,19521,38254,5736,54,713,24.0,1619,26676,15443,10382,3,Mostly Cloudy,3.0,3
Texas,Harrison,66606,32517,34089,47243,48644,11922,0,2531,20.9,4795,64074,42340,19470,1,Overcast,1.0,1
Tennessee,Warren,40210,19846,20364,29123,36765,8685,0,1487,24.5,2734,38762,23310,14203,1,Clear,2.0,2
Virginia,Amelia,12802,6644,6158,10049,58535,1664,140,345,38.0,422,12302,8888,3503,1,Clear,4.0,5
Minnesota,Washington,250979,124207,126772,182534,89598,12548,5772,12799,25.8,8784,232406,202959,39477,1,Clear,91.0,129
Iowa,Worth,7502,3734,3768,5840,50880,757,37,285,20.5,465,7171,4538,2505,3,Overcast,0.0,4
Tennessee,Williamson,212161,103812,108349,146332,103543,9759,636,19094,27.3,7637,192217,184480,19838,1,Mostly Cloudy,28.0,35
Oklahoma,McClain,37919,18800,19119,27438,62081,3602,0,2161,26.7,1440,35757,27359,9119,3,Clear,9.0,11
Minnesota,Olmsted,151685,74208,77477,107204,72337,13803,8190,6219,17.5,6522,137274,122953,22064,1,Overcast,2.0,7
Minnesota,Goodhue,46138,23014,23124,34895,62431,4982,599,2399,24.1,1937,43092,32620,11580,1,Overcast,1.0,10
Pennsylvania,Venango,52880,26094,26786,42057,46487,7191,211,1956,22.1,4018,50659,34887,13925,3,Clear,13.0,14
South Carolina,Barnwell,21788,10369,11419,16286,34035,5882,65,370,27.6,2200,21352,13202,6385,3,Overcast,0.0,2
Ohio,Columbiana,104584,52586,51998,82384,45498,16105,418,2823,25.3,7843,101446,63849,32988,3,Scattered Clouds,9.0,9
Rhode Island,Kent,164012,79338,84674,129491,69047,12792,1804,4756,25.3,10004,157287,125824,28183,1,Mostly Cloudy,39.0,49
Virginia,Page,23694,11638,12056,18726,46140,4027,47,1018,33.8,1848,22627,15554,6291,3,Scattered Clouds,5.0,5
Oklahoma,Tulsa,637123,310812,326311,440555,52017,98754,4459,25484,19.7,37590,606541,473631,126501,1,Clear,33.0,43
Oregon,Crook,21717,10627,11090,16984,41777,3322,0,1411,23.4,1802,20305,15095,4819,3,Partly Cloudy,1.0,1
Indiana,Madison,129641,64805,64836,99639,45432,22557,259,4796,25.9,8815,124585,89411,31414,1,Clear,24.0,36
Maryland,Calvert,90824,45184,45640,68233,100350,5176,2724,4813,41.9,6630,83285,66513,17764,3,Clear,2.0,5
Virginia,Lancaster,10848,5013,5835,9093,51495,1193,43,650,26.7,477,10153,8369,1991,1,Clear,3.0,3
Wisconsin,Eau Claire,102388,50371,52017,79895,52178,14846,921,6143,18.4,4095,95528,76865,21526,1,Clear,7.0,8
Tennessee,Rhea,32478,16027,16451,24528,39368,7112,0,1136,22.7,2565,31341,19323,10589,3,Heavy Thunderstorms and Rain,2.0,2
South Carolina,Chester,32424,15850,16574,24830,37421,7068,129,972,28.8,3177,31321,18484,10733,1,Clear,4.0,4
Maine,Androscoggin,107317,52550,54767,82714,49538,15346,214,4399,24.2,5580,102702,77320,24315,1,Clear,14.0,19
Wisconsin,Marinette,40712,20459,20253,32622,44958,5373,81,1180,19.8,2320,39449,24455,13936,3,Overcast,1.0,7
Michigan,Menominee,23389,11834,11555,18849,44480,3157,23,1005,20.8,1379,22383,14284,7747,3,Light Snow,0.0,3
Colorado,Lincoln,5520,3522,1998,4226,44725,772,0,496,17.3,204,5023,4412,903,3,Clear,1.0,1
Indiana,Perry,19229,10336,8893,15055,49689,2788,38,423,23.5,749,18748,11180,7299,3,Clear,3.0,5
Ohio,Warren,223868,112736,111132,160611,79397,11417,895,12536,25.4,10074,210435,177021,36772,1,Overcast,8.0,12
Delaware,Sussex,215551,104514,111037,165573,57901,25866,1508,12070,25.3,13148,201755,153826,48576,3,Overcast,10.0,13
West Virginia,Harrison,68438,33365,35073,53494,48315,10265,479,2053,22.3,4448,65837,49208,14781,1,Clear,20.0,27
Georgia,McDuffie,21488,10028,11460,15663,40469,5586,0,494,26.5,1740,20993,13408,6319,1,Clear,5.0,8
Pennsylvania,Elk,30781,15435,15346,24631,49876,2893,215,1138,18.8,1477,29426,17260,12073,1,Clear,7.0,11
Virginia,Essex,11083,4899,6184,8666,50629,1363,22,410,35.0,620,10650,7596,2877,1,Clear,6.0,7
Florida,Citrus,141373,68487,72886,117655,40574,24598,424,8199,25.3,13995,132749,97953,29424,1,Clear,6.0,7
Montana,Mineral,4194,2121,2073,3424,40117,842,12,260,22.3,310,3921,2940,947,1,Light Snow,9.0,9
New Jersey,Monmouth,627551,305192,322359,457219,91807,47693,49576,32632,33.6,37653,545341,500823,89074,1,Clear,70.0,101
Texas,Kerr,50761,24563,26198,38666,48698,7005,0,2284,20.0,3045,48425,37027,10736,2,Mostly Cloudy,1.0,1
Indiana,White,24279,12185,12094,17856,51404,2379,24,874,24.9,1068,23380,14251,8936,3,Overcast,0.0,2
New York,Cayuga,78319,40132,38187,61737,54664,9085,783,2662,23.0,4620,74794,55126,18572,3,Overcast,7.0,16
Pennsylvania,Centre,160646,84313,76333,127511,56466,29558,8192,7871,20.4,7389,144742,129655,23601,1,Overcast,49.0,74
New York,Wyoming,40886,22032,18854,32303,55459,4661,163,1267,24.7,2657,39454,26378,11850,3,Partly Cloudy,3.0,3
Alabama,Dallas,40755,18809,21946,30303,30065,13000,81,489,22.1,5583,40184,23143,11993,3,Clear,3.0,3
Virginia,Patrick,17958,8867,9091,14550,37757,3627,0,359,28.0,1185,17598,9879,6876,3,Clear,6.0,8
Virginia,Orange,35265,17341,17924,26796,67196,3138,493,1692,39.3,2292,33113,24795,8177,3,Clear,5.0,7
New Hampshire,Sullivan,43073,21263,21810,34368,59419,4048,129,2067,24.1,1593,40833,30404,11075,1,Clear,4.0,8
Colorado,Pueblo,163368,80330,83038,122128,42386,32346,1797,4737,21.8,15193,156833,116021,32153,3,Clear,21.0,24
Minnesota,Steele,36612,18225,18387,26833,58882,3624,366,1501,18.2,1647,34744,24825,10104,1,Mostly Cloudy,6.0,8
Minnesota,Dakota,414655,204016,210639,296543,79995,28611,13683,20732,24.3,16586,379823,328008,69662,1,Clear,127.0,185
Texas,Parker,125963,62545,63418,91539,70608,11588,251,6424,31.7,6927,119412,91181,27854,1,Clear,10.0,11
